"Year.Code","Month.Code","Age.of.Mother","Births","UnemploymentRate","CENSUSPOPEstThousands","BirthsPer1000Pop"
"2003","1","15-19 years",34928,5.50588235294118,290326.418,0.120305965404774
"2003","1","20-24 years",84714,5.50588235294118,290326.418,0.291788809931861
"2003","1","25-29 years",86521,5.50588235294118,290326.418,0.298012838776525
"2003","1","30-34 years",76967,5.50588235294118,290326.418,0.265105051514809
"2003","1","35-39 years",37346,5.50588235294118,290326.418,0.128634521988281
"2003","1","40-44 years",8234,5.528,290326.418,0.0283611806900742
"2003","1","45-49 years",342,6.18461538461538,290326.418,0.00117798442992535
"2003","1","50-54 years",14,6.8,290326.418,4.82215848507455e-05
"2003","1","Under 15 years",504,5.8952380952381,290326.418,0.00173597705462684
"2003","10","15-19 years",35360,5.52941176470588,290326.418,0.121793945737311
"2003","10","20-24 years",89694,5.52941176470588,290326.418,0.308941916543055
"2003","10","25-29 years",93927,5.52941176470588,290326.418,0.323522057162569
"2003","10","30-34 years",83630,5.52941176470588,290326.418,0.288055081504846
"2003","10","35-39 years",41172,5.52941176470588,290326.418,0.141812792248207
"2003","10","40-44 years",9200,5.558,290326.418,0.0316884700447756
"2003","10","45-49 years",437,5.88235294117647,290326.418,0.00150520232712684
"2003","10","Under 15 years",413,5.93,290326.418,0.00142253675309699
"2003","11","15-19 years",33387,5.46274509803922,290326.418,0.114998146672274
"2003","11","20-24 years",81961,5.46274509803922,290326.418,0.282306379710854
"2003","11","25-29 years",84354,5.46274509803922,290326.418,0.290548826321413
"2003","11","30-34 years",74455,5.46274509803922,290326.418,0.256452721433018
"2003","11","35-39 years",36716,5.46274509803922,290326.418,0.126464550669998
"2003","11","40-44 years",8166,5.52857142857143,290326.418,0.0281269615636563
"2003","11","45-49 years",365,5.62,290326.418,0.00125720560503729
"2003","11","Under 15 years",436,5.68947368421053,290326.418,0.00150175792820893
"2003","12","15-19 years",35743,5.41176470588235,290326.418,0.123113150522871
"2003","12","20-24 years",88899,5.41176470588235,290326.418,0.306203619403316
"2003","12","25-29 years",90893,5.41176470588235,290326.418,0.313071750845629
"2003","12","30-34 years",78975,5.41176470588235,290326.418,0.272021404541973
"2003","12","35-39 years",39204,5.41176470588235,290326.418,0.135034215177759
"2003","12","40-44 years",8800,5.41176470588235,290326.418,0.0303107104776114
"2003","12","45-49 years",395,5.93125,290326.418,0.0013605375725746
"2003","12","50-54 years",11,6.6,290326.418,3.78883880970143e-05
"2003","12","Under 15 years",430,5.83,290326.418,0.00148109153470147
"2003","2","15-19 years",32063,5.56470588235294,290326.418,0.110437762504961
"2003","2","20-24 years",77260,5.56470588235294,290326.418,0.266114260397757
"2003","2","25-29 years",81375,5.56470588235294,290326.418,0.280287961944958
"2003","2","30-34 years",72889,5.56470588235294,290326.418,0.251058792727571
"2003","2","35-39 years",34900,5.56470588235294,290326.418,0.120209522235073
"2003","2","40-44 years",7787,5.586,290326.418,0.0268215343737682
"2003","2","45-49 years",301,6.28181818181818,290326.418,0.00103676407429103
"2003","2","Under 15 years",423,5.98947368421053,290326.418,0.0014569807422761
"2003","3","15-19 years",34266,5.62549019607843,290326.418,0.118025773321117
"2003","3","20-24 years",83577,5.62549019607843,290326.418,0.287872528362197
"2003","3","25-29 years",89949,5.62549019607843,290326.418,0.309820238267122
"2003","3","30-34 years",81965,5.62549019607843,290326.418,0.282320157306525
"2003","3","35-39 years",37966,5.62549019607843,290326.418,0.130770049317386
"2003","3","40-44 years",8131,5.62549019607843,290326.418,0.0280064076015294
"2003","3","45-49 years",347,6.1375,290326.418,0.00119520642451491
"2003","3","Under 15 years",505,6.02083333333333,290326.418,0.00173942145354475
"2003","4","15-19 years",32822,5.67450980392157,290326.418,0.113052061283655
"2003","4","20-24 years",81271,5.67450980392157,290326.418,0.279929744457495
"2003","4","25-29 years",88187,5.67450980392157,290326.418,0.303751207373764
"2003","4","30-34 years",81159,5.67450980392157,290326.418,0.279543971778689
"2003","4","35-39 years",37869,5.67450980392157,290326.418,0.130435942622349
"2003","4","40-44 years",7779,5.7,290326.418,0.0267939791824249
"2003","4","45-49 years",272,6.21,290326.418,0.000936876505671626
"2003","4","50-54 years",15,6.9,290326.418,5.16659837686559e-05
"2003","4","Under 15 years",486,5.97826086956522,290326.418,0.00167397787410445
"2003","5","15-19 years",33345,5.72156862745098,290326.418,0.114853481917722
"2003","5","20-24 years",85435,5.72156862745098,290326.418,0.294272221551674
"2003","5","25-29 years",92517,5.72156862745098,290326.418,0.318665454688316
"2003","5","30-34 years",85956,5.72156862745098,290326.418,0.296066753387906
"2003","5","35-39 years",40128,5.72156862745098,290326.418,0.138216839777908
"2003","5","40-44 years",8366,5.72156862745098,290326.418,0.0288158413472383
"2003","5","45-49 years",319,6.05,290326.418,0.00109876325481341
"2003","5","Under 15 years",425,6.18947368421053,290326.418,0.00146386954011192
"2003","6","15-19 years",33004,5.73725490196078,290326.418,0.113678941886715
"2003","6","20-24 years",84275,5.73725490196078,290326.418,0.290276718806898
"2003","6","25-29 years",90121,5.73725490196078,290326.418,0.310412674881002
"2003","6","30-34 years",82107,5.73725490196078,290326.418,0.282809261952868
"2003","6","35-39 years",38881,5.73725490196078,290326.418,0.133921674327274
"2003","6","40-44 years",8030,5.80612244897959,290326.418,0.0276585233108204
"2003","6","45-49 years",292,6.06,290326.418,0.00100576448402983
"2003","6","Under 15 years",426,6.17894736842105,290326.418,0.00146731393902983
"2003","7","15-19 years",36263,5.73529411764706,290326.418,0.124904237960185
"2003","7","20-24 years",91918,5.73529411764706,290326.418,0.316602259736487
"2003","7","25-29 years",97131,5.73529411764706,290326.418,0.334557911295554
"2003","7","30-34 years",87111,5.73529411764706,290326.418,0.300045034138092
"2003","7","35-39 years",41740,5.73529411764706,290326.418,0.14376921083358
"2003","7","40-44 years",8940,5.776,290326.418,0.0307929263261189
"2003","7","45-49 years",392,6.18333333333333,290326.418,0.00135020437582087
"2003","7","50-54 years",15,6.9,290326.418,5.16659837686559e-05
"2003","7","Under 15 years",500,6.12608695652174,290326.418,0.0017221994589552
"2003","8","15-19 years",36858,5.68823529411765,290326.418,0.126953655316341
"2003","8","20-24 years",91798,5.68823529411765,290326.418,0.316188931866338
"2003","8","25-29 years",95847,5.68823529411765,290326.418,0.330135303084957
"2003","8","30-34 years",85264,5.68823529411765,290326.418,0.293683229336712
"2003","8","35-39 years",40517,5.68823529411765,290326.418,0.139556710956975
"2003","8","40-44 years",8771,5.72,290326.418,0.030210822908992
"2003","8","45-49 years",326,6.27692307692308,290326.418,0.00112287404723879
"2003","8","50-54 years",10,6.9,290326.418,3.44439891791039e-05
"2003","8","Under 15 years",447,6.02777777777778,290326.418,0.00153964631630594
"2003","9","15-19 years",36541,5.6156862745098,290326.418,0.125861780859364
"2003","9","20-24 years",91503,5.6156862745098,290326.418,0.315172834185555
"2003","9","25-29 years",95544,5.6156862745098,290326.418,0.32909165021283
"2003","9","30-34 years",85068,5.6156862745098,290326.418,0.293008127148801
"2003","9","35-39 years",41203,5.6156862745098,290326.418,0.141919568614662
"2003","9","40-44 years",8737,5.646,290326.418,0.0300937133457831
"2003","9","45-49 years",303,5.94166666666667,290326.418,0.00104365287212685
"2003","9","Under 15 years",488,5.98571428571429,290326.418,0.00168086667194027
"2004","1","15-19 years",35707,5.36862745098039,293045.739,0.121847873038004
"2004","1","20-24 years",85358,5.36862745098039,293045.739,0.291278761777185
"2004","1","25-29 years",88249,5.36862745098039,293045.739,0.301144115936113
"2004","1","30-34 years",76279,5.36862745098039,293045.739,0.260297250048055
"2004","1","35-39 years",37687,5.36862745098039,293045.739,0.128604497470615
"2004","1","40-44 years",8513,5.36862745098039,293045.739,0.029050072623646
"2004","1","45-49 years",350,5.70714285714286,293045.739,0.0011943528037444
"2004","1","Under 15 years",537,5.65652173913043,293045.739,0.00183247844460212
"2004","10","15-19 years",35120,5.11176470588235,293045.739,0.119844772764295
"2004","10","20-24 years",87964,5.11176470588235,293045.739,0.300171571510207
"2004","10","25-29 years",93222,5.11176470588235,293045.739,0.31811416305903
"2004","10","30-34 years",80843,5.11176470588235,293045.739,0.275871610608882
"2004","10","35-39 years",41108,5.11176470588235,293045.739,0.140278443018071
"2004","10","40-44 years",9078,5.11176470588235,293045.739,0.0309780992925476
"2004","10","45-49 years",380,5.24,293045.739,0.00129672590120821
"2004","10","50-54 years",10,5.3,293045.739,3.41243658212686e-05
"2004","10","Under 15 years",459,5.46,293045.739,0.00156630839119623
"2004","11","15-19 years",34554,5.0921568627451,293045.739,0.117913333658812
"2004","11","20-24 years",85636,5.0921568627451,293045.739,0.292227419147016
"2004","11","25-29 years",89137,5.0921568627451,293045.739,0.304174359621042
"2004","11","30-34 years",77164,5.0921568627451,293045.739,0.263317256423237
"2004","11","35-39 years",39197,5.0921568627451,293045.739,0.133757276709627
"2004","11","40-44 years",8970,5.0921568627451,293045.739,0.0306095561416779
"2004","11","45-49 years",366,5.32666666666667,293045.739,0.00124895178905843
"2004","11","Under 15 years",409,5.44705882352941,293045.739,0.00139568656208989
"2004","12","15-19 years",35978,5.07058823529412,293045.739,0.12277264335176
"2004","12","20-24 years",88706,5.07058823529412,293045.739,0.302703599454145
"2004","12","25-29 years",92756,5.07058823529412,293045.739,0.316523967611759
"2004","12","30-34 years",78215,5.07058823529412,293045.739,0.266903727271052
"2004","12","35-39 years",40226,5.07058823529412,293045.739,0.137268673952635
"2004","12","40-44 years",9014,5.11020408163265,293045.739,0.0307597033512915
"2004","12","45-49 years",387,5.28666666666667,293045.739,0.00132061295728309
"2004","12","50-54 years",10,5.8,293045.739,3.41243658212686e-05
"2004","12","Under 15 years",548,5.42173913043478,293045.739,0.00187001524700552
"2004","2","15-19 years",32899,5.33921568627451,293045.739,0.112265751115392
"2004","2","20-24 years",79356,5.33921568627451,293045.739,0.270797317411259
"2004","2","25-29 years",84491,5.33921568627451,293045.739,0.288320179260481
"2004","2","30-34 years",73910,5.33921568627451,293045.739,0.252213187784996
"2004","2","35-39 years",36146,5.33921568627451,293045.739,0.123345932697557
"2004","2","40-44 years",8034,5.33921568627451,293045.739,0.0274155155008072
"2004","2","45-49 years",330,5.70833333333333,293045.739,0.00112610407210186
"2004","2","Under 15 years",408,5.73157894736842,293045.739,0.00139227412550776
"2004","3","15-19 years",34924,5.31372549019608,293045.739,0.119175935194198
"2004","3","20-24 years",86042,5.31372549019608,293045.739,0.293612868399359
"2004","3","25-29 years",93389,5.31372549019608,293045.739,0.318684039968245
"2004","3","30-34 years",82903,5.31372549019608,293045.739,0.282901229968063
"2004","3","35-39 years",39461,5.31372549019608,293045.739,0.134658159967308
"2004","3","40-44 years",8507,5.31372549019608,293045.739,0.0290295980041532
"2004","3","45-49 years",376,5.67857142857143,293045.739,0.0012830761548797
"2004","3","50-54 years",10,6.4,293045.739,3.41243658212686e-05
"2004","3","Under 15 years",487,5.72272727272727,293045.739,0.00166185661549578
"2004","4","15-19 years",32768,5.28823529411765,293045.739,0.111818721923133
"2004","4","20-24 years",82059,5.28823529411765,293045.739,0.280021133492748
"2004","4","25-29 years",90370,5.28823529411765,293045.739,0.308381893926804
"2004","4","30-34 years",80316,5.28823529411765,293045.739,0.274073256530101
"2004","4","35-39 years",38593,5.28823529411765,293045.739,0.131696165014022
"2004","4","40-44 years",8143,5.28823529411765,293045.739,0.027787471088259
"2004","4","45-49 years",359,5.63571428571429,293045.739,0.00122506473298354
"2004","4","Under 15 years",479,5.545,293045.739,0.00163455712283877
"2004","5","15-19 years",32660,5.25686274509804,293045.739,0.111450178772263
"2004","5","20-24 years",83163,5.25686274509804,293045.739,0.283788463479416
"2004","5","25-29 years",91242,5.25686274509804,293045.739,0.311357538626419
"2004","5","30-34 years",81921,5.25686274509804,293045.739,0.279550217244415
"2004","5","35-39 years",39231,5.25686274509804,293045.739,0.133873299553419
"2004","5","40-44 years",8350,5.286,293045.739,0.0284938454607593
"2004","5","45-49 years",361,5.68571428571429,293045.739,0.0012318896061478
"2004","5","Under 15 years",448,5.55,293045.739,0.00152877158879283
"2004","6","15-19 years",33634,5.22352941176471,293045.739,0.114773892003255
"2004","6","20-24 years",85758,5.22352941176471,293045.739,0.292643736410035
"2004","6","25-29 years",93648,5.22352941176471,293045.739,0.319567861043016
"2004","6","30-34 years",82564,5.22352941176471,293045.739,0.281744413966722
"2004","6","35-39 years",39816,5.22352941176471,293045.739,0.135869574953963
"2004","6","40-44 years",8405,5.28979591836735,293045.739,0.0286815294727763
"2004","6","45-49 years",359,5.19166666666667,293045.739,0.00122506473298354
"2004","6","Under 15 years",433,5.685,293045.739,0.00147758504006093
"2004","7","15-19 years",35934,5.18823529411765,293045.739,0.122622496142147
"2004","7","20-24 years",90872,5.18823529411765,293045.739,0.310094937091032
"2004","7","25-29 years",96719,5.18823529411765,293045.739,0.330047453786728
"2004","7","30-34 years",84532,5.18823529411765,293045.739,0.288460089160348
"2004","7","35-39 years",41396,5.18823529411765,293045.739,0.141261224753724
"2004","7","40-44 years",8901,5.216,293045.739,0.0303740980175112
"2004","7","45-49 years",379,5.54705882352941,293045.739,0.00129331346462608
"2004","7","Under 15 years",432,5.67368421052632,293045.739,0.0014741726034788
"2004","8","15-19 years",35644,5.16078431372549,293045.739,0.12163288953333
"2004","8","20-24 years",89404,5.16078431372549,293045.739,0.30508548018847
"2004","8","25-29 years",95845,5.16078431372549,293045.739,0.327064984213949
"2004","8","30-34 years",83186,5.16078431372549,293045.739,0.283866949520805
"2004","8","35-39 years",41320,5.16078431372549,293045.739,0.141001879573482
"2004","8","40-44 years",8908,5.188,293045.739,0.0303979850735861
"2004","8","45-49 years",325,5.40769230769231,293045.739,0.00110904188919123
"2004","8","Under 15 years",515,5.55454545454545,293045.739,0.00175740483979533
"2004","9","15-19 years",35440,5.12745098039216,293045.739,0.120936752470576
"2004","9","20-24 years",90136,5.12745098039216,293045.739,0.307583383766587
"2004","9","25-29 years",95417,5.12745098039216,293045.739,0.325604461356799
"2004","9","30-34 years",83830,5.12745098039216,293045.739,0.286064558679695
"2004","9","35-39 years",41425,5.12745098039216,293045.739,0.141360185414605
"2004","9","40-44 years",8809,5.12745098039216,293045.739,0.0300601538519555
"2004","9","45-49 years",305,5.25,293045.739,0.00104079315754869
"2004","9","Under 15 years",440,5.45,293045.739,0.00150147209613582
"2005","1","15-19 years",34552,5.05882352941176,295753.151,0.116827157658922
"2005","1","20-24 years",85259,5.05882352941176,295753.151,0.288277571047755
"2005","1","25-29 years",88966,5.05882352941176,295753.151,0.300811672501843
"2005","1","30-34 years",74891,5.05882352941176,295753.151,0.253221308874576
"2005","1","35-39 years",37923,5.05882352941176,295753.151,0.128225176542582
"2005","1","40-44 years",8726,5.082,295753.151,0.0295043348498424
"2005","1","45-49 years",382,5.15384615384615,295753.151,0.00129161768423559
"2005","1","50-54 years",15,5.7,295753.151,5.07179718940678e-05
"2005","1","Under 15 years",515,5.50434782608696,295753.151,0.00174131703502966
"2005","10","15-19 years",34848,4.8843137254902,295753.151,0.117827992304298
"2005","10","20-24 years",87541,4.8843137254902,295753.151,0.295993465171906
"2005","10","25-29 years",93832,4.8843137254902,295753.151,0.317264582584278
"2005","10","30-34 years",77836,4.8843137254902,295753.151,0.263178937356444
"2005","10","35-39 years",40759,4.8843137254902,295753.151,0.137814254428687
"2005","10","40-44 years",8749,4.916,295753.151,0.0295821024067466
"2005","10","45-49 years",387,4.9,295753.151,0.00130852367486695
"2005","10","50-54 years",16,5.2,295753.151,5.4099170020339e-05
"2005","10","Under 15 years",370,5.10666666666667,295753.151,0.00125104330672034
"2005","11","15-19 years",34632,4.83137254901961,295753.151,0.117097653509024
"2005","11","20-24 years",85154,4.83137254901961,295753.151,0.287922545244497
"2005","11","25-29 years",91558,4.83137254901961,295753.151,0.309575738045137
"2005","11","30-34 years",74876,4.83137254901961,295753.151,0.253170590902682
"2005","11","35-39 years",39731,4.83137254901961,295753.151,0.134338382754881
"2005","11","40-44 years",8579,4.88775510204082,295753.151,0.0290072987252805
"2005","11","45-49 years",469,4.74444444444444,295753.151,0.00158578192122119
"2005","11","Under 15 years",420,5.39473684210526,295753.151,0.0014201032130339
"2005","12","15-19 years",36163,4.73333333333333,295753.151,0.122274267840345
"2005","12","20-24 years",90122,4.73333333333333,295753.151,0.304720337535812
"2005","12","25-29 years",94848,4.73333333333333,295753.151,0.32069987988057
"2005","12","30-34 years",76423,4.73333333333333,295753.151,0.258401304404023
"2005","12","35-39 years",40559,4.73333333333333,295753.151,0.137138014803433
"2005","12","40-44 years",8961,4.73333333333333,295753.151,0.0302989164095161
"2005","12","45-49 years",469,4.85,295753.151,0.00158578192122119
"2005","12","50-54 years",15,5.1,295753.151,5.07179718940678e-05
"2005","12","Under 15 years",465,5.32631578947368,295753.151,0.0015722571287161
"2005","2","15-19 years",31504,5.02352941176471,295753.151,0.106521265770048
"2005","2","20-24 years",77922,5.02352941176471,295753.151,0.263469720395304
"2005","2","25-29 years",84299,5.02352941176471,295753.151,0.285031620846535
"2005","2","30-34 years",71346,5.02352941176471,295753.151,0.241234961516944
"2005","2","35-39 years",35532,5.02352941176471,295753.151,0.120140731822668
"2005","2","40-44 years",8000,5.056,295753.151,0.0270495850101695
"2005","2","45-49 years",378,5.23333333333333,295753.151,0.00127809289173051
"2005","2","Under 15 years",399,5.53684210526316,295753.151,0.0013490980523822
"2005","3","15-19 years",34710,4.9843137254902,295753.151,0.117361386962873
"2005","3","20-24 years",86129,4.9843137254902,295753.151,0.291219213417611
"2005","3","25-29 years",95972,4.9843137254902,295753.151,0.324500346574499
"2005","3","30-34 years",81906,4.9843137254902,295753.151,0.276940413730368
"2005","3","35-39 years",40479,4.9843137254902,295753.151,0.136867518953331
"2005","3","40-44 years",8980,5.016,295753.151,0.0303631591739153
"2005","3","45-49 years",382,5.02857142857143,295753.151,0.00129161768423559
"2005","3","50-54 years",12,5.6,295753.151,4.05743775152543e-05
"2005","3","Under 15 years",479,5.365,295753.151,0.0016195939024839
"2005","4","15-19 years",32226,4.92941176470588,295753.151,0.108962490817215
"2005","4","20-24 years",81792,4.92941176470588,295753.151,0.276554957143973
"2005","4","25-29 years",91465,4.92941176470588,295753.151,0.309261286619394
"2005","4","30-34 years",78827,4.92941176470588,295753.151,0.266529704699579
"2005","4","35-39 years",38679,4.92941176470588,295753.151,0.130781362326043
"2005","4","40-44 years",8326,4.958,295753.151,0.0281518555993339
"2005","4","45-49 years",391,5.09333333333333,295753.151,0.00132204846737203
"2005","4","Under 15 years",489,5.30526315789474,295753.151,0.00165340588374661
"2005","5","15-19 years",32742,4.88823529411765,295753.151,0.110707189050371
"2005","5","20-24 years",85007,4.88823529411765,295753.151,0.287425509119935
"2005","5","25-29 years",95446,4.88823529411765,295753.151,0.32272183636008
"2005","5","30-34 years",82354,4.88823529411765,295753.151,0.278455190490937
"2005","5","35-39 years",41122,4.88823529411765,295753.151,0.139041629348524
"2005","5","40-44 years",8500,4.94489795918367,295753.151,0.0287401840733051
"2005","5","45-49 years",378,4.9125,295753.151,0.00127809289173051
"2005","5","50-54 years",13,5.4,295753.151,4.39555756415255e-05
"2005","5","Under 15 years",472,5.24285714285714,295753.151,0.0015959255156
"2005","6","15-19 years",34185,4.85686274509804,295753.151,0.115586257946581
"2005","6","20-24 years",87204,4.85686274509804,295753.151,0.294854001403353
"2005","6","25-29 years",96095,4.85686274509804,295753.151,0.32491623394403
"2005","6","30-34 years",82828,4.85686274509804,295753.151,0.28005787840279
"2005","6","35-39 years",40876,4.85686274509804,295753.151,0.138209854609461
"2005","6","40-44 years",8635,4.90204081632653,295753.151,0.0291966458203517
"2005","6","45-49 years",360,4.78,295753.151,0.00121723132545763
"2005","6","Under 15 years",406,5.35294117647059,295753.151,0.0013727664392661
"2005","7","15-19 years",35462,4.84705882352941,295753.151,0.119904047953829
"2005","7","20-24 years",89237,4.84705882352941,295753.151,0.301727977194062
"2005","7","25-29 years",98170,4.84705882352941,295753.151,0.331932220056043
"2005","7","30-34 years",82465,4.84705882352941,295753.151,0.278830503482954
"2005","7","35-39 years",41787,4.84705882352941,295753.151,0.141290126102494
"2005","7","40-44 years",8790,4.90204081632653,295753.151,0.0297207315299238
"2005","7","45-49 years",413,4.87647058823529,295753.151,0.00139643482615
"2005","7","50-54 years",10,5.3,295753.151,3.38119812627119e-05
"2005","7","Under 15 years",486,5.2952380952381,295753.151,0.0016432622893678
"2005","8","15-19 years",36837,4.87058823529412,295753.151,0.124553195377452
"2005","8","20-24 years",93048,4.87058823529412,295753.151,0.314613723253282
"2005","8","25-29 years",101131,4.87058823529412,295753.151,0.341943947707932
"2005","8","30-34 years",84718,4.87058823529412,295753.151,0.286448342861443
"2005","8","35-39 years",43232,4.87058823529412,295753.151,0.146175957394956
"2005","8","40-44 years",9210,4.896,295753.151,0.0311408347429576
"2005","8","45-49 years",396,4.96666666666667,295753.151,0.00133895445800339
"2005","8","Under 15 years",469,5.27894736842105,295753.151,0.00158578192122119
"2005","9","15-19 years",36732,4.90196078431373,295753.151,0.124198169574193
"2005","9","20-24 years",91973,4.90196078431373,295753.151,0.31097893526754
"2005","9","25-29 years",99814,4.90196078431373,295753.151,0.337490909775632
"2005","9","30-34 years",82221,4.90196078431373,295753.151,0.278005491140143
"2005","9","35-39 years",42477,4.90196078431373,295753.151,0.143623152809621
"2005","9","40-44 years",9086,4.928,295753.151,0.0307215661753
"2005","9","45-49 years",343,5.01538461538462,295753.151,0.00115975095731102
"2005","9","Under 15 years",446,5.44444444444444,295753.151,0.00150801436431695
"2006","1","15-19 years",36124,4.62352941176471,298593.212,0.120980647075125
"2006","1","20-24 years",87838,4.62352941176471,298593.212,0.294172795863826
"2006","1","25-29 years",92976,4.62352941176471,298593.212,0.311380152875009
"2006","1","30-34 years",74400,4.62352941176471,298593.212,0.249168423828737
"2006","1","35-39 years",39143,4.62352941176471,298593.212,0.131091392660326
"2006","1","40-44 years",8710,4.62352941176471,298593.212,0.0291701205853266
"2006","1","45-49 years",417,4.575,298593.212,0.00139654882710462
"2006","1","50-54 years",11,5,298593.212,3.68394175015606e-05
"2006","1","Under 15 years",422,5.135,298593.212,0.00141329401687805
"2006","10","15-19 years",38193,4.4078431372549,298593.212,0.127909806603373
"2006","10","20-24 years",94016,4.4078431372549,298593.212,0.314863152347884
"2006","10","25-29 years",101104,4.4078431372549,298593.212,0.338601133370708
"2006","10","30-34 years",80469,4.4078431372549,298593.212,0.269493735175735
"2006","10","35-39 years",43450,4.4078431372549,298593.212,0.145515699131164
"2006","10","40-44 years",8977,4.4078431372549,298593.212,0.0300643137192282
"2006","10","45-49 years",484,4.51111111111111,298593.212,0.00162093437006867
"2006","10","50-54 years",15,4.9,298593.212,5.02355693203099e-05
"2006","10","Under 15 years",405,4.69444444444444,298593.212,0.00135636037164837
"2006","11","15-19 years",36869,4.37254901960784,298593.212,0.123475680351367
"2006","11","20-24 years",90270,4.37254901960784,298593.212,0.302317656169625
"2006","11","25-29 years",96750,4.37254901960784,298593.212,0.324019422115999
"2006","11","30-34 years",76679,4.37254901960784,298593.212,0.25680088132747
"2006","11","35-39 years",41233,4.37254901960784,298593.212,0.138090881985623
"2006","11","40-44 years",8934,4.37254901960784,298593.212,0.0299203050871766
"2006","11","45-49 years",423,4.3875,298593.212,0.00141664305483274
"2006","11","Under 15 years",414,4.68947368421053,298593.212,0.00138650171324055
"2006","12","15-19 years",37749,4.33137254901961,298593.212,0.126422833751492
"2006","12","20-24 years",91654,4.33137254901961,298593.212,0.306952724698912
"2006","12","25-29 years",98530,4.33137254901961,298593.212,0.329980709675343
"2006","12","30-34 years",76601,4.33137254901961,298593.212,0.256539656367004
"2006","12","35-39 years",41467,4.33137254901961,298593.212,0.138874556867019
"2006","12","40-44 years",8966,4.33137254901961,298593.212,0.0300274743017266
"2006","12","45-49 years",439,4.64666666666667,298593.212,0.00147022766210774
"2006","12","50-54 years",11,4.9,298593.212,3.68394175015606e-05
"2006","12","Under 15 years",377,4.69285714285714,298593.212,0.00126258730891712
"2006","2","15-19 years",33199,4.53725490196078,298593.212,0.111184711057665
"2006","2","20-24 years",80764,4.53725490196078,298593.212,0.270481701372367
"2006","2","25-29 years",87863,4.53725490196078,298593.212,0.294256521812693
"2006","2","30-34 years",71200,4.53725490196078,298593.212,0.238451502373738
"2006","2","35-39 years",36931,4.53725490196078,298593.212,0.123683320704558
"2006","2","40-44 years",8206,4.562,298593.212,0.0274822054561642
"2006","2","45-49 years",384,4.60625,298593.212,0.00128603057459993
"2006","2","Under 15 years",405,4.98888888888889,298593.212,0.00135636037164837
"2006","3","15-19 years",36059,4.48823529411765,298593.212,0.12076295960807
"2006","3","20-24 years",89300,4.48823529411765,298593.212,0.299069089353578
"2006","3","25-29 years",98686,4.48823529411765,298593.212,0.330503159596274
"2006","3","30-34 years",80918,4.48823529411765,298593.212,0.270997453217389
"2006","3","35-39 years",41760,4.48823529411765,298593.212,0.139855824987743
"2006","3","40-44 years",8938,4.48823529411765,298593.212,0.0299337012389953
"2006","3","45-49 years",417,4.65,298593.212,0.00139654882710462
"2006","3","50-54 years",10,4.9,298593.212,3.34903795468733e-05
"2006","3","Under 15 years",474,4.84583333333333,298593.212,0.00158744399052179
"2006","4","15-19 years",32512,4.45882352941176,298593.212,0.108883921982794
"2006","4","20-24 years",81517,4.45882352941176,298593.212,0.273003526952247
"2006","4","25-29 years",92478,4.45882352941176,298593.212,0.309712331973575
"2006","4","30-34 years",75499,4.45882352941176,298593.212,0.252849016540939
"2006","4","35-39 years",38743,4.45882352941176,298593.212,0.129751777478451
"2006","4","40-44 years",8015,4.45882352941176,298593.212,0.0268425392068189
"2006","4","45-49 years",343,4.59285714285714,298593.212,0.00114872001845775
"2006","4","Under 15 years",443,4.91,298593.212,0.00148362381392649
"2006","5","15-19 years",34098,4.46666666666667,298593.212,0.114195496178929
"2006","5","20-24 years",87846,4.46666666666667,298593.212,0.294199588167463
"2006","5","25-29 years",99333,4.46666666666667,298593.212,0.332669987152956
"2006","5","30-34 years",82164,4.46666666666667,298593.212,0.27517035450893
"2006","5","35-39 years",42150,4.46666666666667,298593.212,0.141161949790071
"2006","5","40-44 years",8714,4.494,298593.212,0.0291835167371454
"2006","5","45-49 years",415,4.65625,298593.212,0.00138985075119524
"2006","5","Under 15 years",441,4.78421052631579,298593.212,0.00147692573801711
"2006","6","15-19 years",35029,4.47058823529412,298593.212,0.117313450514742
"2006","6","20-24 years",89136,4.47058823529412,298593.212,0.29851984712901
"2006","6","25-29 years",100212,4.47058823529412,298593.212,0.335613791515127
"2006","6","30-34 years",81570,4.47058823529412,298593.212,0.273181025963845
"2006","6","35-39 years",42565,4.47058823529412,298593.212,0.142551800541266
"2006","6","40-44 years",8630,4.498,298593.212,0.0289021975489516
"2006","6","45-49 years",420,4.84285714285714,298593.212,0.00140659594096868
"2006","6","50-54 years",12,4.6,298593.212,4.01884554562479e-05
"2006","6","Under 15 years",372,4.83125,298593.212,0.00124584211914369
"2006","7","15-19 years",37440,4.47254901960784,298593.212,0.125387981023494
"2006","7","20-24 years",93363,4.47254901960784,298593.212,0.312676230563473
"2006","7","25-29 years",102111,4.47254901960784,298593.212,0.341973614591078
"2006","7","30-34 years",82133,4.47254901960784,298593.212,0.275066534332334
"2006","7","35-39 years",42738,4.47254901960784,298593.212,0.143131184107427
"2006","7","40-44 years",8986,4.47254901960784,298593.212,0.0300944550608203
"2006","7","45-49 years",487,4.665,298593.212,0.00163098148393273
"2006","7","50-54 years",17,4.9,298593.212,5.69336452296846e-05
"2006","7","Under 15 years",405,4.79411764705882,298593.212,0.00135636037164837
"2006","8","15-19 years",39642,4.45294117647059,298593.212,0.132762562599715
"2006","8","20-24 years",99185,4.45294117647059,298593.212,0.332174329535663
"2006","8","25-29 years",107727,4.45294117647059,298593.212,0.360781811744602
"2006","8","30-34 years",85821,4.45294117647059,298593.212,0.287417786309221
"2006","8","35-39 years",44838,4.45294117647059,298593.212,0.15016416381227
"2006","8","40-44 years",9418,4.45294117647059,298593.212,0.0315412394572453
"2006","8","45-49 years",453,4.6,298593.212,0.00151711419347336
"2006","8","50-54 years",11,4.9,298593.212,3.68394175015606e-05
"2006","8","Under 15 years",488,4.71818181818182,298593.212,0.00163433052188742
"2006","9","15-19 years",38522,4.44705882352941,298593.212,0.129011640090465
"2006","9","20-24 years",95548,4.44705882352941,298593.212,0.319993878494465
"2006","9","25-29 years",104129,4.44705882352941,298593.212,0.348731973183637
"2006","9","30-34 years",82804,4.44705882352941,298593.212,0.27731373879993
"2006","9","35-39 years",43598,4.44705882352941,298593.212,0.146011356748458
"2006","9","40-44 years",9007,4.49795918367347,298593.212,0.0301647848578688
"2006","9","45-49 years",377,4.57333333333333,298593.212,0.00126258730891712
"2006","9","50-54 years",13,4.9,298593.212,4.35374934109353e-05
"2006","9","Under 15 years",436,4.67222222222222,298593.212,0.00146018054824368
"2007","1","15-19 years",38033,4.30980392156863,301579.895,0.126112518210141
"2007","1","20-24 years",90602,4.30980392156863,301579.895,0.300424535926044
"2007","1","25-29 years",98333,4.30980392156863,301579.895,0.326059533908917
"2007","1","30-34 years",76947,4.30980392156863,301579.895,0.255146318689447
"2007","1","35-39 years",40867,4.30980392156863,301579.895,0.135509696360893
"2007","1","40-44 years",8958,4.36122448979592,301579.895,0.0297035715858977
"2007","1","45-49 years",484,4.44210526315789,301579.895,0.00160488151904158
"2007","1","Under 15 years",440,4.78421052631579,301579.895,0.00145898319912871
"2007","10","15-19 years",38009,4.53921568627451,301579.895,0.126032937308371
"2007","10","20-24 years",92392,4.53921568627451,301579.895,0.306359944849772
"2007","10","25-29 years",102709,4.53921568627451,301579.895,0.340569784998433
"2007","10","30-34 years",82475,4.53921568627451,301579.895,0.273476453063955
"2007","10","35-39 years",43455,4.53921568627451,301579.895,0.144091170268496
"2007","10","40-44 years",9167,4.572,301579.895,0.0303965886054838
"2007","10","45-49 years",454,4.56470588235294,301579.895,0.00150540539182826
"2007","10","Under 15 years",401,5.02777777777778,301579.895,0.00132966423375139
"2007","11","15-19 years",36751,4.56862745098039,301579.895,0.121861571707225
"2007","11","20-24 years",88998,4.56862745098039,301579.895,0.295105878991038
"2007","11","25-29 years",98318,4.56862745098039,301579.895,0.32600979584531
"2007","11","30-34 years",77995,4.56862745098039,301579.895,0.258621351400099
"2007","11","35-39 years",41464,4.56862745098039,301579.895,0.137489271292438
"2007","11","40-44 years",8982,4.602,301579.895,0.0297831524876683
"2007","11","45-49 years",513,4.89444444444444,301579.895,0.00170104177534779
"2007","11","50-54 years",14,5.9,301579.895,4.64221926995498e-05
"2007","11","Under 15 years",370,4.85789473684211,301579.895,0.00122687223563096
"2007","12","15-19 years",37752,4.5921568627451,301579.895,0.125180758485243
"2007","12","20-24 years",90448,4.5921568627451,301579.895,0.299913891806349
"2007","12","25-29 years",98867,4.5921568627451,301579.895,0.327830208973314
"2007","12","30-34 years",77001,4.5921568627451,301579.895,0.255325375718431
"2007","12","35-39 years",40407,4.5921568627451,301579.895,0.133984395743622
"2007","12","40-44 years",8953,4.5921568627451,301579.895,0.0296869922313621
"2007","12","45-49 years",476,4.93529411764706,301579.895,0.00157835455178469
"2007","12","50-54 years",13,6,301579.895,4.31063217924391e-05
"2007","12","Under 15 years",361,5.175,301579.895,0.00119702939746696
"2007","2","15-19 years",34567,4.27254901960784,301579.895,0.114619709646096
"2007","2","20-24 years",82723,4.27254901960784,301579.895,0.274298789048919
"2007","2","25-29 years",91345,4.27254901960784,301579.895,0.302888228010027
"2007","2","30-34 years",71723,4.27254901960784,301579.895,0.237824209070701
"2007","2","35-39 years",37633,4.27254901960784,301579.895,0.124786169847297
"2007","2","40-44 years",7804,4.302,301579.895,0.0258770565590919
"2007","2","45-49 years",443,4.325,301579.895,0.00146893081185004
"2007","2","50-54 years",10,5,301579.895,3.3158709071107e-05
"2007","2","Under 15 years",396,4.67777777777778,301579.895,0.00131308487921584
"2007","3","15-19 years",37009,4.27450980392157,301579.895,0.12271706640126
"2007","3","20-24 years",89745,4.27450980392157,301579.895,0.29758283455865
"2007","3","25-29 years",101743,4.27450980392157,301579.895,0.337366653702164
"2007","3","30-34 years",80648,4.27450980392157,301579.895,0.267418356916664
"2007","3","35-39 years",41758,4.27450980392157,301579.895,0.138464137339129
"2007","3","40-44 years",8715,4.306,301579.895,0.0288978149554698
"2007","3","45-49 years",478,4.49411764705882,301579.895,0.00158498629359891
"2007","3","50-54 years",12,5.1,301579.895,3.97904508853284e-05
"2007","3","Under 15 years",489,4.64347826086957,301579.895,0.00162146087357713
"2007","4","15-19 years",34161,4.27450980392157,301579.895,0.113273466057809
"2007","4","20-24 years",83483,4.27450980392157,301579.895,0.276818850938323
"2007","4","25-29 years",94755,4.27450980392157,301579.895,0.314195347803274
"2007","4","30-34 years",77152,4.27450980392157,301579.895,0.255826072225405
"2007","4","35-39 years",39405,4.27450980392157,301579.895,0.130661893094697
"2007","4","40-44 years",8163,4.33469387755102,301579.895,0.0270674542147447
"2007","4","45-49 years",419,4.45625,301579.895,0.00138934991007938
"2007","4","50-54 years",11,5.1,301579.895,3.64745799782177e-05
"2007","4","Under 15 years",425,4.52631578947368,301579.895,0.00140924513552205
"2007","5","15-19 years",35249,4.29607843137255,301579.895,0.116881133604745
"2007","5","20-24 years",89006,4.29607843137255,301579.895,0.295132405958295
"2007","5","25-29 years",102266,4.29607843137255,301579.895,0.339100854186583
"2007","5","30-34 years",83442,4.29607843137255,301579.895,0.276682900231131
"2007","5","35-39 years",42618,4.29607843137255,301579.895,0.141315786319244
"2007","5","40-44 years",8629,4.326,301579.895,0.0286126500574582
"2007","5","45-49 years",495,4.495,301579.895,0.0016413560990198
"2007","5","50-54 years",10,4.5,301579.895,3.3158709071107e-05
"2007","5","Under 15 years",366,4.77222222222222,301579.895,0.00121360875200252
"2007","6","15-19 years",35816,4.33333333333333,301579.895,0.118761232409077
"2007","6","20-24 years",88911,4.33333333333333,301579.895,0.29481739822212
"2007","6","25-29 years",100905,4.33333333333333,301579.895,0.334587953882005
"2007","6","30-34 years",81859,4.33333333333333,301579.895,0.271433876585175
"2007","6","35-39 years",41520,4.33333333333333,301579.895,0.137674960063236
"2007","6","40-44 years",8516,4.39387755102041,301579.895,0.0282379566449547
"2007","6","45-49 years",430,4.34117647058823,301579.895,0.0014258244900576
"2007","6","Under 15 years",316,4.92307692307692,301579.895,0.00104781520664698
"2007","7","15-19 years",38766,4.38627450980392,301579.895,0.128543051585053
"2007","7","20-24 years",95483,4.38627450980392,301579.895,0.316609301823651
"2007","7","25-29 years",106987,4.38627450980392,301579.895,0.354755080739053
"2007","7","30-34 years",84658,4.38627450980392,301579.895,0.280714999254178
"2007","7","35-39 years",43592,4.38627450980392,301579.895,0.14454544458277
"2007","7","40-44 years",8984,4.38627450980392,301579.895,0.0297897842294825
"2007","7","45-49 years",471,4.67222222222222,301579.895,0.00156177519724914
"2007","7","Under 15 years",439,4.76190476190476,301579.895,0.0014556673282216
"2007","8","15-19 years",40340,4.43921568627451,301579.895,0.133762232392846
"2007","8","20-24 years",98303,4.43921568627451,301579.895,0.325960057781703
"2007","8","25-29 years",109545,4.43921568627451,301579.895,0.363237078519442
"2007","8","30-34 years",86604,4.43921568627451,301579.895,0.287167684039415
"2007","8","35-39 years",44953,4.43921568627451,301579.895,0.149058344887347
"2007","8","40-44 years",9403,4.47,301579.895,0.0311791341395619
"2007","8","45-49 years",499,4.6,301579.895,0.00165461958264824
"2007","8","50-54 years",11,5.5,301579.895,3.64745799782177e-05
"2007","8","Under 15 years",445,4.82,301579.895,0.00147556255366426
"2007","9","15-19 years",38446,4.49607843137255,301579.895,0.127481972894778
"2007","9","20-24 years",92260,4.49607843137255,301579.895,0.305922249890033
"2007","9","25-29 years",102635,4.49607843137255,301579.895,0.340324410551307
"2007","9","30-34 years",81427,4.49607843137255,301579.895,0.270001420353303
"2007","9","35-39 years",42242,4.49607843137255,301579.895,0.14006901885817
"2007","9","40-44 years",8810,4.53,301579.895,0.0292128226916453
"2007","9","45-49 years",370,4.87142857142857,301579.895,0.00122687223563096
"2007","9","50-54 years",11,5.6,301579.895,3.64745799782177e-05
"2007","9","Under 15 years",451,4.925,301579.895,0.00149545777910693
"2008","1","15-19 years",37723,4.6156862745098,304374.846,0.123935996997597
"2008","1","20-24 years",91237,4.6156862745098,304374.846,0.299752102379708
"2008","1","25-29 years",98923,4.6156862745098,304374.846,0.325003860535834
"2008","1","30-34 years",77760,4.6156862745098,304374.846,0.255474461907407
"2008","1","35-39 years",40745,4.6156862745098,304374.846,0.133864544115449
"2008","1","40-44 years",8909,4.69387755102041,304374.846,0.0292698300042836
"2008","1","45-49 years",463,4.95333333333333,304374.846,0.00152115066696412
"2008","1","50-54 years",28,5.5,304374.846,9.19918329913504e-05
"2008","1","Under 15 years",419,5.12,304374.846,0.00137659207226342
"2008","10","15-19 years",36263,6.10196078431373,304374.846,0.119139279991619
"2008","10","20-24 years",87927,6.10196078431373,304374.846,0.288877353551088
"2008","10","25-29 years",100158,6.10196078431373,304374.846,0.329061357455274
"2008","10","30-34 years",81417,6.10196078431373,304374.846,0.267489252380599
"2008","10","35-39 years",41797,6.10196078431373,304374.846,0.137320808697838
"2008","10","40-44 years",9141,6.21428571428571,304374.846,0.0300320480490691
"2008","10","45-49 years",571,6.485,304374.846,0.00187597630850218
"2008","10","50-54 years",11,8.5,304374.846,3.61396486751734e-05
"2008","10","Under 15 years",323,7,304374.846,0.00106119150200736
"2008","11","15-19 years",33744,6.49019607843137,304374.846,0.110863300445005
"2008","11","20-24 years",80825,6.49019607843137,304374.846,0.265544282197353
"2008","11","25-29 years",90328,6.49019607843137,304374.846,0.296765653230096
"2008","11","30-34 years",72223,6.49019607843137,304374.846,0.237283076933368
"2008","11","35-39 years",37185,6.49019607843137,304374.846,0.12216843963512
"2008","11","40-44 years",8445,6.55,304374.846,0.0277453939147126
"2008","11","45-49 years",462,7.05,304374.846,0.00151786524435728
"2008","11","50-54 years",11,8.9,304374.846,3.61396486751734e-05
"2008","11","Under 15 years",294,7.53333333333333,304374.846,0.000965914246409179
"2008","12","15-19 years",36601,6.91960784313726,304374.846,0.120249752832729
"2008","12","20-24 years",89254,6.91960784313726,304374.846,0.293237109350357
"2008","12","25-29 years",98921,6.91960784313726,304374.846,0.32499728969062
"2008","12","30-34 years",78299,6.91960784313726,304374.846,0.257245304692491
"2008","12","35-39 years",40534,6.91960784313726,304374.846,0.133171319945407
"2008","12","40-44 years",9081,6.91960784313726,304374.846,0.029834922692659
"2008","12","45-49 years",525,7.42941176470588,304374.846,0.00172484686858782
"2008","12","50-54 years",20,9.3,304374.846,6.57084521366789e-05
"2008","12","Under 15 years",354,7.75625,304374.846,0.00116303960281922
"2008","2","15-19 years",35743,4.66078431372549,304374.846,0.117430860236066
"2008","2","20-24 years",84833,4.66078431372549,304374.846,0.278712256005544
"2008","2","25-29 years",95142,4.66078431372549,304374.846,0.312581677659395
"2008","2","30-34 years",74704,4.66078431372549,304374.846,0.245434210420923
"2008","2","35-39 years",38630,4.66078431372549,304374.846,0.126915875301995
"2008","2","40-44 years",8365,4.694,304374.846,0.0274825601061659
"2008","2","45-49 years",417,4.925,304374.846,0.00137002122704975
"2008","2","50-54 years",14,6.2,304374.846,4.59959164956752e-05
"2008","2","Under 15 years",404,5.38125,304374.846,0.00132731073316091
"2008","3","15-19 years",36530,4.73725490196078,304374.846,0.120016487827644
"2008","3","20-24 years",86179,4.73725490196078,304374.846,0.283134434834342
"2008","3","25-29 years",98561,4.73725490196078,304374.846,0.32381453755216
"2008","3","30-34 years",78863,4.73725490196078,304374.846,0.259098283042745
"2008","3","35-39 years",40623,4.73725490196078,304374.846,0.133463722557415
"2008","3","40-44 years",8675,4.73725490196078,304374.846,0.0285010411142845
"2008","3","45-49 years",450,5.08666666666667,304374.846,0.00147844017307527
"2008","3","50-54 years",20,6.4,304374.846,6.57084521366789e-05
"2008","3","Under 15 years",435,5.18,304374.846,0.00142915883397277
"2008","4","15-19 years",34768,4.8843137254902,304374.846,0.114227573194403
"2008","4","20-24 years",84489,4.8843137254902,304374.846,0.277582070628793
"2008","4","25-29 years",98000,4.8843137254902,304374.846,0.321971415469726
"2008","4","30-34 years",79809,4.8843137254902,304374.846,0.26220629282881
"2008","4","35-39 years",39705,4.8843137254902,304374.846,0.130447704604342
"2008","4","40-44 years",8491,4.922,304374.846,0.027896523354627
"2008","4","45-49 years",468,5.3375,304374.846,0.00153757777999829
"2008","4","50-54 years",15,6.6,304374.846,4.92813391025091e-05
"2008","4","Under 15 years",388,5.37368421052632,304374.846,0.00127474397145157
"2008","5","15-19 years",34439,5.03725490196078,304374.846,0.113146669156754
"2008","5","20-24 years",86197,5.03725490196078,304374.846,0.283193572441265
"2008","5","25-29 years",101385,5.03725490196078,304374.846,0.333092570993859
"2008","5","30-34 years",81938,5.03725490196078,304374.846,0.26920095755876
"2008","5","35-39 years",41116,5.03725490196078,304374.846,0.135083435902584
"2008","5","40-44 years",8739,5.03725490196078,304374.846,0.0287113081611218
"2008","5","45-49 years",455,5.51666666666667,304374.846,0.00149486728610944
"2008","5","Under 15 years",336,5.81875,304374.846,0.0011039019958962
"2008","6","15-19 years",34799,5.21372549019608,304374.846,0.114329421295214
"2008","6","20-24 years",85069,5.21372549019608,304374.846,0.279487615740757
"2008","6","25-29 years",98868,5.21372549019608,304374.846,0.324823162292458
"2008","6","30-34 years",79861,5.21372549019608,304374.846,0.262377134804366
"2008","6","35-39 years",40407,5.21372549019608,304374.846,0.132754071274339
"2008","6","40-44 years",8548,5.21372549019608,304374.846,0.0280837924432165
"2008","6","45-49 years",437,5.63333333333333,304374.846,0.00143572967918643
"2008","6","50-54 years",17,7.2,304374.846,5.5852184316177e-05
"2008","6","Under 15 years",329,5.8,304374.846,0.00108090403764837
"2008","7","15-19 years",38224,5.3843137254902,304374.846,0.125581993723621
"2008","7","20-24 years",92365,5.3843137254902,304374.846,0.303458059080217
"2008","7","25-29 years",105970,5.3843137254902,304374.846,0.348156233646193
"2008","7","30-34 years",85012,5.3843137254902,304374.846,0.279300346652167
"2008","7","35-39 years",43229,5.3843137254902,304374.846,0.142025533870825
"2008","7","40-44 years",9357,5.434,304374.846,0.0307416993321452
"2008","7","45-49 years",562,5.83888888888889,304374.846,0.00184640750504068
"2008","7","50-54 years",16,7.5,304374.846,5.25667617093431e-05
"2008","7","Under 15 years",349,6.37333333333333,304374.846,0.00114661248978505
"2008","8","15-19 years",38253,5.58627450980392,304374.846,0.125677270979219
"2008","8","20-24 years",92388,5.58627450980392,304374.846,0.303533623800174
"2008","8","25-29 years",105601,5.58627450980392,304374.846,0.346943912704271
"2008","8","30-34 years",83933,5.58627450980392,304374.846,0.275755375659393
"2008","8","35-39 years",42870,5.58627450980392,304374.846,0.140846067154971
"2008","8","40-44 years",9191,5.68571428571429,304374.846,0.0301963191794108
"2008","8","45-49 years",477,6.09444444444444,304374.846,0.00156714658345979
"2008","8","50-54 years",13,7.8,304374.846,4.27104938888413e-05
"2008","8","Under 15 years",326,6.11538461538461,304374.846,0.00107104776982787
"2008","9","15-19 years",37671,5.81176470588235,304374.846,0.123765155022041
"2008","9","20-24 years",91421,5.81176470588235,304374.846,0.300356620139366
"2008","9","25-29 years",103917,5.81176470588235,304374.846,0.341411261034363
"2008","9","30-34 years",82897,5.81176470588235,304374.846,0.272351677838713
"2008","9","35-39 years",42034,5.81176470588235,304374.846,0.138099453855658
"2008","9","40-44 years",8931,5.9375,304374.846,0.0293421093016339
"2008","9","45-49 years",457,6.30526315789474,304374.846,0.00150143813132311
"2008","9","Under 15 years",359,6.7125,304374.846,0.00117946671585339
"2009","1","15-19 years",35192,7.38039215686275,307006.55,0.114629476146356
"2009","1","20-24 years",84566,7.38039215686275,307006.55,0.275453406450123
"2009","1","25-29 years",94248,7.38039215686275,307006.55,0.30699019288025
"2009","1","30-34 years",75845,7.38039215686275,307006.55,0.247046846394645
"2009","1","35-39 years",38470,7.38039215686275,307006.55,0.125306772770809
"2009","1","40-44 years",8562,7.44,307006.55,0.0278886557957803
"2009","1","45-49 years",511,7.99444444444444,307006.55,0.00166445960192055
"2009","1","50-54 years",11,9.8,307006.55,3.58298544444736e-05
"2009","1","Under 15 years",312,8.08666666666667,307006.55,0.00101626496242507
"2009","10","15-19 years",33929,8.95490196078431,307006.55,0.110515557404231
"2009","10","20-24 years",84563,8.95490196078431,307006.55,0.275443634671638
"2009","10","25-29 years",97654,8.95490196078431,307006.55,0.318084418720057
"2009","10","30-34 years",80645,8.95490196078431,307006.55,0.262681691970416
"2009","10","35-39 years",40494,8.95490196078431,307006.55,0.131899465988592
"2009","10","40-44 years",9282,8.95490196078431,307006.55,0.0302338826321458
"2009","10","45-49 years",513,9.725,307006.55,0.00167097412091045
"2009","10","50-54 years",23,10.4,307006.55,7.49169683838993e-05
"2009","10","Under 15 years",289,10.85,307006.55,0.00094134799404117
"2009","11","15-19 years",31401,8.9843137254902,307006.55,0.102281205400992
"2009","11","20-24 years",78419,8.9843137254902,307006.55,0.255431032334652
"2009","11","25-29 years",89659,8.9843137254902,307006.55,0.292042629057914
"2009","11","30-34 years",73836,8.9843137254902,307006.55,0.240503012069286
"2009","11","35-39 years",37279,8.9843137254902,307006.55,0.121427376712321
"2009","11","40-44 years",8610,9.022,307006.55,0.028045004251538
"2009","11","45-49 years",439,10.0352941176471,307006.55,0.00142993691828399
"2009","11","50-54 years",10,12,307006.55,3.25725949495214e-05
"2009","11","Under 15 years",238,10.3363636363636,307006.55,0.00077522775979861
"2009","12","15-19 years",33927,9.02156862745098,307006.55,0.110509042885241
"2009","12","20-24 years",84319,9.02156862745098,307006.55,0.27464886335487
"2009","12","25-29 years",95636,9.02156862745098,307006.55,0.311511269059243
"2009","12","30-34 years",77281,9.02156862745098,307006.55,0.251724271029397
"2009","12","35-39 years",39499,9.02156862745098,307006.55,0.128658492791115
"2009","12","40-44 years",9226,9.02156862745098,307006.55,0.0300514761004285
"2009","12","45-49 years",538,9.73529411764706,307006.55,0.00175240560828425
"2009","12","50-54 years",18,12.1,307006.55,5.86306709091386e-05
"2009","12","Under 15 years",264,10.675,307006.55,0.000859916506667366
"2009","2","15-19 years",32831,7.8078431372549,307006.55,0.106939086478774
"2009","2","20-24 years",77699,7.8078431372549,307006.55,0.253085805498287
"2009","2","25-29 years",89316,7.8078431372549,307006.55,0.290925389051146
"2009","2","30-34 years",71809,7.8078431372549,307006.55,0.233900547073018
"2009","2","35-39 years",35896,7.8078431372549,307006.55,0.116922586830802
"2009","2","40-44 years",8040,7.8078431372549,307006.55,0.0261883663394152
"2009","2","45-49 years",461,8.2,307006.55,0.00150159662717294
"2009","2","50-54 years",17,10.3,307006.55,5.53734114141864e-05
"2009","2","Under 15 years",293,8.9,307006.55,0.000954377032020978
"2009","3","15-19 years",35026,8.17450980392157,307006.55,0.114088771070194
"2009","3","20-24 years",83822,8.17450980392157,307006.55,0.273030005385879
"2009","3","25-29 years",98854,8.17450980392157,307006.55,0.321993130113999
"2009","3","30-34 years",80524,8.17450980392157,307006.55,0.262287563571526
"2009","3","35-39 years",39630,8.17450980392157,307006.55,0.129085193784953
"2009","3","40-44 years",8801,8.226,307006.55,0.0286671408150738
"2009","3","45-49 years",496,8.77222222222222,307006.55,0.00161560070949626
"2009","3","50-54 years",10,10.6,307006.55,3.25725949495214e-05
"2009","3","Under 15 years",376,9.18888888888889,307006.55,0.00122472957010201
"2009","4","15-19 years",33147,8.44313725490196,307006.55,0.107968380479179
"2009","4","20-24 years",80468,8.44313725490196,307006.55,0.262105157039809
"2009","4","25-29 years",95771,8.44313725490196,307006.55,0.311950999091062
"2009","4","30-34 years",79358,8.44313725490196,307006.55,0.258489599000412
"2009","4","35-39 years",38811,8.44313725490196,307006.55,0.126417498258588
"2009","4","40-44 years",8591,8.526,307006.55,0.0279831163211339
"2009","4","45-49 years",536,9.11052631578947,307006.55,0.00174589108929435
"2009","4","50-54 years",21,10.9,307006.55,6.8402449393995e-05
"2009","4","Under 15 years",296,9.53571428571429,307006.55,0.000964148810505834
"2009","5","15-19 years",32983,8.66470588235294,307006.55,0.107434189922007
"2009","5","20-24 years",82405,8.66470588235294,307006.55,0.268414468681531
"2009","5","25-29 years",98783,8.66470588235294,307006.55,0.321761864689858
"2009","5","30-34 years",81586,8.66470588235294,307006.55,0.265746773155166
"2009","5","35-39 years",39656,8.66470588235294,307006.55,0.129169882531822
"2009","5","40-44 years",8765,8.752,307006.55,0.0285498794732555
"2009","5","45-49 years",528,9.605,307006.55,0.00171983301333473
"2009","5","50-54 years",13,8.4,307006.55,4.23443734343779e-05
"2009","5","Under 15 years",259,9.13076923076923,307006.55,0.000843630209192605
"2009","6","15-19 years",33670,8.80196078431373,307006.55,0.109671927195039
"2009","6","20-24 years",83892,8.80196078431373,307006.55,0.273258013550525
"2009","6","25-29 years",98822,8.80196078431373,307006.55,0.321888897810161
"2009","6","30-34 years",81474,8.80196078431373,307006.55,0.265381960091731
"2009","6","35-39 years",39531,8.80196078431373,307006.55,0.128762725094953
"2009","6","40-44 years",8547,8.80196078431373,307006.55,0.027839796903356
"2009","6","45-49 years",446,9.25294117647059,307006.55,0.00145273773474866
"2009","6","50-54 years",23,11.3,307006.55,7.49169683838993e-05
"2009","6","Under 15 years",319,10.2,307006.55,0.00103906577888973
"2009","7","15-19 years",36451,8.86274509803922,307006.55,0.118730365850501
"2009","7","20-24 years",89731,8.86274509803922,307006.55,0.292277151741551
"2009","7","25-29 years",104314,8.86274509803922,307006.55,0.339777766956438
"2009","7","30-34 years",85389,8.86274509803922,307006.55,0.278134131014469
"2009","7","35-39 years",42275,8.86274509803922,307006.55,0.137700645149102
"2009","7","40-44 years",9108,8.958,307006.55,0.0296671194800241
"2009","7","45-49 years",598,9.55238095238095,307006.55,0.00194784117798138
"2009","7","Under 15 years",307,10.3714285714286,307006.55,0.000999978664950308
"2009","8","15-19 years",35845,8.90392156862745,307006.55,0.11675646659656
"2009","8","20-24 years",87958,8.90392156862745,307006.55,0.286502030657001
"2009","8","25-29 years",101401,8.90392156862745,307006.55,0.330289370047642
"2009","8","30-34 years",83213,8.90392156862745,307006.55,0.271046334353453
"2009","8","35-39 years",40962,8.90392156862745,307006.55,0.13342386343223
"2009","8","40-44 years",9117,8.90392156862745,307006.55,0.0296964348154787
"2009","8","45-49 years",459,9.51875,307006.55,0.00149508210818303
"2009","8","Under 15 years",324,9.98,307006.55,0.00105535207636449
"2009","9","15-19 years",35400,8.92745098039216,307006.55,0.115306986121306
"2009","9","20-24 years",88140,8.92745098039216,307006.55,0.287094851885082
"2009","9","25-29 years",102329,8.92745098039216,307006.55,0.333312106858958
"2009","9","30-34 years",84286,8.92745098039216,307006.55,0.274541373791536
"2009","9","35-39 years",41600,8.92745098039216,307006.55,0.135501994990009
"2009","9","40-44 years",9126,8.976,307006.55,0.0297257501509333
"2009","9","45-49 years",446,9.875,307006.55,0.00145273773474866
"2009","9","50-54 years",11,11.8,307006.55,3.58298544444736e-05
"2009","9","Under 15 years",308,10.18,307006.55,0.00100323592444526
"2010","1","15-19 years",32482,9.02745098039216,309347.057,0.105001807080389
"2010","1","20-24 years",80278,9.02745098039216,309347.057,0.259507883406177
"2010","1","25-29 years",90106,9.02745098039216,309347.057,0.291278025638369
"2010","1","30-34 years",73812,9.02745098039216,309347.057,0.238605793492323
"2010","1","35-39 years",37026,9.02745098039216,309347.057,0.119690810570731
"2010","1","40-44 years",8552,9.02745098039216,309347.057,0.0276453252309428
"2010","1","45-49 years",469,9.84705882352941,309347.057,0.00151609653102341
"2010","1","Under 15 years",244,10.5615384615385,309347.057,0.00078875810995674
"2010","10","15-19 years",30156,8.55686274509804,309347.057,0.0974827441141617
"2010","10","20-24 years",79569,8.55686274509804,309347.057,0.257215959226016
"2010","10","25-29 years",94861,8.55686274509804,309347.057,0.306649110936911
"2010","10","30-34 years",82096,8.55686274509804,309347.057,0.265384777848396
"2010","10","35-39 years",39652,8.55686274509804,309347.057,0.12817965809838
"2010","10","40-44 years",9481,8.654,309347.057,0.0306484247561469
"2010","10","45-49 years",454,9.28125,309347.057,0.0014676073029523
"2010","10","Under 15 years",240,9.49230769230769,309347.057,0.000775827649137777
"2010","11","15-19 years",29623,8.52745098039216,309347.057,0.0957597602100349
"2010","11","20-24 years",77783,8.52745098039216,309347.057,0.251442508470349
"2010","11","25-29 years",91292,8.52745098039216,309347.057,0.295111907271192
"2010","11","30-34 years",78873,8.52745098039216,309347.057,0.254966059043516
"2010","11","35-39 years",38557,8.52745098039216,309347.057,0.124639944449189
"2010","11","40-44 years",9009,8.576,309347.057,0.0291226303795093
"2010","11","45-49 years",528,9.27894736842105,309347.057,0.00170682082810311
"2010","11","50-54 years",15,12.1,309347.057,4.84892280711111e-05
"2010","11","Under 15 years",286,9.375,309347.057,0.000924527948555851
"2010","12","15-19 years",30865,8.47058823529412,309347.057,0.0997746682943229
"2010","12","20-24 years",81913,8.47058823529412,309347.057,0.264793209265928
"2010","12","25-29 years",95406,8.47058823529412,309347.057,0.308410886223495
"2010","12","30-34 years",80846,8.47058823529412,309347.057,0.26134400884247
"2010","12","35-39 years",39297,8.47058823529412,309347.057,0.127032079700697
"2010","12","40-44 years",9547,8.516,309347.057,0.0308617773596598
"2010","12","45-49 years",552,9.32,309347.057,0.00178440359301689
"2010","12","50-54 years",19,12.1,309347.057,6.1419688890074e-05
"2010","12","Under 15 years",283,9.82857142857143,309347.057,0.000914830102941629
"2010","2","15-19 years",29583,9.0078431372549,309347.057,0.0956304556018453
"2010","2","20-24 years",73282,9.0078431372549,309347.057,0.236892507433811
"2010","2","25-29 years",85212,9.0078431372549,309347.057,0.275457606826368
"2010","2","30-34 years",70236,9.0078431372549,309347.057,0.227045961520171
"2010","2","35-39 years",34711,9.0078431372549,309347.057,0.112207306371756
"2010","2","40-44 years",7997,9.16530612244898,309347.057,0.0258512237923117
"2010","2","45-49 years",417,10.0266666666667,309347.057,0.00134800054037689
"2010","2","Under 15 years",239,10.4384615384615,309347.057,0.000772595033933037
"2010","3","15-19 years",32076,8.95294117647059,309347.057,0.103689365307264
"2010","3","20-24 years",79959,8.95294117647059,309347.057,0.258476679155865
"2010","3","25-29 years",96135,8.95294117647059,309347.057,0.310767462707751
"2010","3","30-34 years",81152,8.95294117647059,309347.057,0.26233318909512
"2010","3","35-39 years",39253,8.95294117647059,309347.057,0.126889844631688
"2010","3","40-44 years",8929,8.994,309347.057,0.0288640211631301
"2010","3","45-49 years",504,9.88333333333333,309347.057,0.00162923806318933
"2010","3","Under 15 years",304,10.3285714285714,309347.057,0.000982715022241185
"2010","4","15-19 years",29327,8.86078431372549,309347.057,0.0948029061094317
"2010","4","20-24 years",75603,8.86078431372549,309347.057,0.244395407324014
"2010","4","25-29 years",92850,8.86078431372549,309347.057,0.300148321760178
"2010","4","30-34 years",79647,8.86078431372549,309347.057,0.257468103211986
"2010","4","35-39 years",37863,8.86078431372549,309347.057,0.122396509497099
"2010","4","40-44 years",8734,8.86078431372549,309347.057,0.0282336611982056
"2010","4","45-49 years",477,9.53125,309347.057,0.00154195745266133
"2010","4","Under 15 years",196,10.1222222222222,309347.057,0.000633592580129185
"2010","5","15-19 years",28853,8.75882352941176,309347.057,0.0932706465023845
"2010","5","20-24 years",76771,8.75882352941176,309347.057,0.248171101883151
"2010","5","25-29 years",94542,8.75882352941176,309347.057,0.305617906686599
"2010","5","30-34 years",80473,8.75882352941176,309347.057,0.260138243371101
"2010","5","35-39 years",38223,8.75882352941176,309347.057,0.123560250970805
"2010","5","40-44 years",8417,8.858,309347.057,0.0272089221783028
"2010","5","45-49 years",491,9.66666666666667,309347.057,0.0015872140655277
"2010","5","50-54 years",19,12.1,309347.057,6.1419688890074e-05
"2010","5","Under 15 years",206,10.2272727272727,309347.057,0.000665918732176592
"2010","6","15-19 years",29467,8.66862745098039,309347.057,0.0952554722380954
"2010","6","20-24 years",78055,8.66862745098039,309347.057,0.252321779806038
"2010","6","25-29 years",95941,8.66862745098039,309347.057,0.310140335358031
"2010","6","30-34 years",82221,8.66862745098039,309347.057,0.265788854748988
"2010","6","35-39 years",39147,8.66862745098039,309347.057,0.126547187419986
"2010","6","40-44 years",8666,8.766,309347.057,0.0280138433642832
"2010","6","45-49 years",472,9.51666666666667,309347.057,0.00152579437663763
"2010","6","50-54 years",12,12.1,309347.057,3.87913824568889e-05
"2010","6","Under 15 years",261,9.64166666666667,309347.057,0.000843712568437333
"2010","7","15-19 years",31079,8.60980392156863,309347.057,0.100466447948137
"2010","7","20-24 years",81528,8.60980392156863,309347.057,0.263548652412103
"2010","7","25-29 years",98330,8.60980392156863,309347.057,0.317863053082157
"2010","7","30-34 years",84025,8.60980392156863,309347.057,0.271620492578341
"2010","7","35-39 years",40175,8.60980392156863,309347.057,0.129870315850459
"2010","7","40-44 years",9034,8.658,309347.057,0.0292034457596278
"2010","7","45-49 years",505,9.4,309347.057,0.00163247067839407
"2010","7","Under 15 years",239,10.2083333333333,309347.057,0.000772595033933037
"2010","8","15-19 years",32263,8.58039215686274,309347.057,0.10429386435055
"2010","8","20-24 years",83462,8.58039215686274,309347.057,0.269800530218072
"2010","8","25-29 years",99507,8.58039215686274,309347.057,0.321667841178137
"2010","8","30-34 years",84089,8.58039215686274,309347.057,0.271827379951444
"2010","8","35-39 years",40173,8.58039215686274,309347.057,0.12986385062005
"2010","8","40-44 years",9260,8.678,309347.057,0.0299340167958992
"2010","8","45-49 years",477,9.49375,309347.057,0.00154195745266133
"2010","8","50-54 years",13,12.1,309347.057,4.20239976616296e-05
"2010","8","Under 15 years",172,9.91428571428571,309347.057,0.000556009815215407
"2010","9","15-19 years",31904,8.57254901960784,309347.057,0.103133355492049
"2010","9","20-24 years",83485,8.57254901960784,309347.057,0.269874880367781
"2010","9","25-29 years",99531,8.57254901960784,309347.057,0.321745423943051
"2010","9","30-34 years",84700,8.57254901960784,309347.057,0.273802507841541
"2010","9","35-39 years",40793,8.57254901960784,309347.057,0.131868072046989
"2010","9","40-44 years",9342,8.57254901960784,309347.057,0.030199091242688
"2010","9","45-49 years",442,9.26111111111111,309347.057,0.00142881592049541
"2010","9","Under 15 years",272,9.95,309347.057,0.000879271335689481
"2011","1","15-19 years",29341,8.3843137254902,311721.632,0.0941256460507688
"2011","1","20-24 years",77332,8.3843137254902,311721.632,0.248080312886338
"2011","1","25-29 years",89479,8.3843137254902,311721.632,0.287047772161029
"2011","1","30-34 years",77087,8.3843137254902,311721.632,0.24729435524064
"2011","1","35-39 years",37142,8.3843137254902,311721.632,0.119151179087886
"2011","1","40-44 years",9075,8.3843137254902,311721.632,0.0291125127947489
"2011","1","45-49 years",502,8.9375,311721.632,0.00161041117608418
"2011","1","Under 15 years",220,9.56,311721.632,0.000705757885933306
"2011","10","15-19 years",26590,7.91764705882353,311721.632,0.0853004644862119
"2011","10","20-24 years",76521,7.91764705882353,311721.632,0.245478632679557
"2011","10","25-29 years",93188,7.91764705882353,311721.632,0.298946208519786
"2011","10","30-34 years",82811,7.91764705882353,311721.632,0.265656892236468
"2011","10","35-39 years",39141,7.91764705882353,311721.632,0.125563951878707
"2011","10","40-44 years",9241,7.964,311721.632,0.0296450391995895
"2011","10","45-49 years",534,8.87222222222222,311721.632,0.00171306686858357
"2011","10","50-54 years",11,11.3,311721.632,3.52878942966653e-05
"2011","10","Under 15 years",173,8.98888888888889,311721.632,0.000554982337574827
"2011","11","15-19 years",26033,7.80980392156863,311721.632,0.0835136138386443
"2011","11","20-24 years",75813,7.80980392156863,311721.632,0.243207375483008
"2011","11","25-29 years",91197,7.80980392156863,311721.632,0.29255909965209
"2011","11","30-34 years",79927,7.80980392156863,311721.632,0.256405047949961
"2011","11","35-39 years",38363,7.80980392156863,311721.632,0.123068135354816
"2011","11","40-44 years",9224,7.80980392156863,311721.632,0.0295905033629492
"2011","11","45-49 years",484,8.46470588235294,311721.632,0.00155266734905327
"2011","11","Under 15 years",200,8.99090909090909,311721.632,0.000641598078121187
"2011","12","15-19 years",27146,7.67843137254902,311721.632,0.0870841071433888
"2011","12","20-24 years",78953,7.67843137254902,311721.632,0.253280465309511
"2011","12","25-29 years",92476,7.67843137254902,311721.632,0.296662119361675
"2011","12","30-34 years",79846,7.67843137254902,311721.632,0.256145200728322
"2011","12","35-39 years",38765,7.67843137254902,311721.632,0.124357747491839
"2011","12","40-44 years",9100,7.86875,311721.632,0.029192712554514
"2011","12","45-49 years",534,8.3421052631579,311721.632,0.00171306686858357
"2011","12","50-54 years",24,9.75,311721.632,7.69917693745425e-05
"2011","12","Under 15 years",229,8.47692307692308,311721.632,0.000734629799448759
"2011","2","15-19 years",26728,8.30588235294118,311721.632,0.0857431671601155
"2011","2","20-24 years",70189,8.30588235294118,311721.632,0.22516563752624
"2011","2","25-29 years",84844,8.30588235294118,311721.632,0.27217873670057
"2011","2","30-34 years",72589,8.30588235294118,311721.632,0.232864814463694
"2011","2","35-39 years",34583,8.30588235294118,311721.632,0.110941931678325
"2011","2","40-44 years",8125,8.35,311721.632,0.0260649219236732
"2011","2","45-49 years",424,8.91333333333333,311721.632,0.00136018792561692
"2011","2","Under 15 years",218,9.22142857142857,311721.632,0.000699341905152094
"2011","3","15-19 years",28225,8.23921568627451,311721.632,0.0905455287748526
"2011","3","20-24 years",76424,8.23921568627451,311721.632,0.245167457611668
"2011","3","25-29 years",94011,8.23921568627451,311721.632,0.301586384611255
"2011","3","30-34 years",82878,8.23921568627451,311721.632,0.265871827592639
"2011","3","35-39 years",38547,8.23921568627451,311721.632,0.123658405586687
"2011","3","40-44 years",9009,8.38163265306122,311721.632,0.0289007854289689
"2011","3","45-49 years",518,8.79444444444444,311721.632,0.00166173902233388
"2011","3","50-54 years",27,9.95,311721.632,8.66157405463603e-05
"2011","3","Under 15 years",226,9.45,311721.632,0.000725005828276942
"2011","4","15-19 years",25795,8.18627450980392,311721.632,0.0827501121256801
"2011","4","20-24 years",71523,8.18627450980392,311721.632,0.229445096707308
"2011","4","25-29 years",89928,8.18627450980392,311721.632,0.288488159846411
"2011","4","30-34 years",79358,8.18627450980392,311721.632,0.254579701417706
"2011","4","35-39 years",37064,8.18627450980392,311721.632,0.118900955837418
"2011","4","40-44 years",8675,8.232,311721.632,0.0278293166385065
"2011","4","45-49 years",420,8.92941176470588,311721.632,0.00134735596405449
"2011","4","50-54 years",13,11.7,311721.632,4.17038750778772e-05
"2011","4","Under 15 years",204,9.18181818181818,311721.632,0.000654430039683611
"2011","5","15-19 years",25782,8.16470588235294,311721.632,0.0827084082506023
"2011","5","20-24 years",74353,8.16470588235294,311721.632,0.238523709512723
"2011","5","25-29 years",94370,8.16470588235294,311721.632,0.302738053161482
"2011","5","30-34 years",83844,8.16470588235294,311721.632,0.268970746309964
"2011","5","35-39 years",38583,8.16470588235294,311721.632,0.123773893240749
"2011","5","40-44 years",8758,8.16470588235294,311721.632,0.0280955798409268
"2011","5","45-49 years",493,8.74705882352941,311721.632,0.00158153926256873
"2011","5","50-54 years",12,11.7,311721.632,3.84958846872712e-05
"2011","5","Under 15 years",184,9.2,311721.632,0.000590270231871492
"2011","6","15-19 years",27355,8.14705882352941,311721.632,0.0877545771350254
"2011","6","20-24 years",77732,8.14705882352941,311721.632,0.249363509042581
"2011","6","25-29 years",97293,8.14705882352941,311721.632,0.312115009073223
"2011","6","30-34 years",85310,8.14705882352941,311721.632,0.273673660222592
"2011","6","35-39 years",39509,8.14705882352941,311721.632,0.12674449234245
"2011","6","40-44 years",9119,8.14705882352941,311721.632,0.0292536643719355
"2011","6","45-49 years",470,8.95333333333333,311721.632,0.00150775548358479
"2011","6","50-54 years",23,11.7,311721.632,7.37837789839365e-05
"2011","6","Under 15 years",172,9.2,311721.632,0.000551774347184221
"2011","7","15-19 years",28998,8.12156862745098,311721.632,0.0930253053467909
"2011","7","20-24 years",80784,8.12156862745098,311721.632,0.25915429571471
"2011","7","25-29 years",99235,8.12156862745098,311721.632,0.31834492641178
"2011","7","30-34 years",86165,8.12156862745098,311721.632,0.276416492006561
"2011","7","35-39 years",40080,8.12156862745098,311721.632,0.128576254855486
"2011","7","40-44 years",9329,8.17,311721.632,0.0299273423539628
"2011","7","45-49 years",485,8.84375,311721.632,0.00155587533944388
"2011","7","50-54 years",23,9.9,311721.632,7.37837789839365e-05
"2011","7","Under 15 years",201,9.30909090909091,311721.632,0.000644806068511793
"2011","8","15-19 years",29641,8.08823529411765,311721.632,0.0950880431679506
"2011","8","20-24 years",84689,8.08823529411765,311721.632,0.271681498190026
"2011","8","25-29 years",102814,8.08823529411765,311721.632,0.329826324019759
"2011","8","30-34 years",89853,8.08823529411765,311721.632,0.288247560567115
"2011","8","35-39 years",41658,8.08823529411765,311721.632,0.133638463691862
"2011","8","40-44 years",9759,8.138,311721.632,0.0313067782219233
"2011","8","45-49 years",482,8.67222222222222,311721.632,0.00154625136827206
"2011","8","50-54 years",14,11.6,311721.632,4.49118654684831e-05
"2011","8","Under 15 years",226,9.325,311721.632,0.000725005828276942
"2011","9","15-19 years",28138,8.01764705882353,311721.632,0.0902664336108698
"2011","9","20-24 years",80887,8.01764705882353,311721.632,0.259484718724942
"2011","9","25-29 years",98748,8.01764705882353,311721.632,0.316782635091555
"2011","9","30-34 years",87014,8.01764705882353,311721.632,0.279140075848185
"2011","9","35-39 years",40414,8.01764705882353,311721.632,0.129647723645948
"2011","9","40-44 years",9422,8.066,311721.632,0.0302256854602891
"2011","9","45-49 years",438,8.68333333333333,311721.632,0.0014050997910854
"2011","9","50-54 years",12,11.5,311721.632,3.84958846872712e-05
"2011","9","Under 15 years",212,9.19090909090909,311721.632,0.000680093962808459
"2012","1","15-19 years",26458,7.56666666666667,314112.078,0.0842310813658047
"2012","1","20-24 years",75665,7.56666666666667,314112.078,0.240885356850239
"2012","1","25-29 years",89146,7.56666666666667,314112.078,0.283803158947616
"2012","1","30-34 years",78031,7.56666666666667,314112.078,0.248417700130588
"2012","1","35-39 years",37144,7.56666666666667,314112.078,0.118250785632
"2012","1","40-44 years",8902,7.70204081632653,314112.078,0.0283402028240379
"2012","1","45-49 years",489,8.29375,314112.078,0.00155676917332673
"2012","1","50-54 years",12,10.9,314112.078,3.82029244988154e-05
"2012","1","Under 15 years",200,8.55454545454545,314112.078,0.000636715408313589
"2012","10","15-19 years",26074,7.14509803921569,314112.078,0.0830085877818426
"2012","10","20-24 years",79319,7.14509803921569,314112.078,0.252518147360128
"2012","10","25-29 years",97624,7.14509803921569,314112.078,0.310793525106029
"2012","10","30-34 years",89361,7.14509803921569,314112.078,0.284487628011553
"2012","10","35-39 years",42207,7.14509803921569,314112.078,0.134369236193458
"2012","10","40-44 years",9913,7.226,314112.078,0.0315587992130631
"2012","10","45-49 years",560,7.58947368421053,314112.078,0.00178280314327805
"2012","10","50-54 years",18,9.7,314112.078,5.7304386748223e-05
"2012","10","Under 15 years",161,8.33333333333333,314112.078,0.000512555903692439
"2012","11","15-19 years",24593,7.09607843137255,314112.078,0.0782937101832805
"2012","11","20-24 years",76114,7.09607843137255,314112.078,0.242314782941903
"2012","11","25-29 years",91229,7.09607843137255,314112.078,0.290434549925202
"2012","11","30-34 years",82974,7.09607843137255,314112.078,0.264154121447059
"2012","11","35-39 years",39903,7.09607843137255,314112.078,0.127034274689686
"2012","11","40-44 years",9305,7.26875,314112.078,0.0296231843717897
"2012","11","45-49 years",556,7.66315789473684,314112.078,0.00177006883511178
"2012","11","50-54 years",12,9.6,314112.078,3.82029244988154e-05
"2012","11","Under 15 years",174,8.23,314112.078,0.000553942405232823
"2012","12","15-19 years",24834,7.05294117647059,314112.078,0.0790609522502984
"2012","12","20-24 years",76002,7.05294117647059,314112.078,0.241958222313247
"2012","12","25-29 years",91184,7.05294117647059,314112.078,0.290291288958332
"2012","12","30-34 years",82157,7.05294117647059,314112.078,0.261553139004098
"2012","12","35-39 years",39762,7.05294117647059,314112.078,0.126585390326825
"2012","12","40-44 years",9349,7.092,314112.078,0.0297632617616187
"2012","12","45-49 years",503,7.54375,314112.078,0.00160133925190868
"2012","12","50-54 years",15,9.5,314112.078,4.77536556235192e-05
"2012","12","Under 15 years",188,8.06,314112.078,0.000598512483814774
"2012","2","15-19 years",25144,7.49803921568627,314112.078,0.0800478611331844
"2012","2","20-24 years",71591,7.49803921568627,314112.078,0.227915463982891
"2012","2","25-29 years",86134,7.49803921568627,314112.078,0.274214224898414
"2012","2","30-34 years",76405,7.49803921568627,314112.078,0.243241203860999
"2012","2","35-39 years",35696,7.49803921568627,314112.078,0.113640966075809
"2012","2","40-44 years",8610,7.63061224489796,314112.078,0.0274105983279
"2012","2","45-49 years",462,8.14375,314112.078,0.00147081259320439
"2012","2","50-54 years",13,10.8,314112.078,4.13865015403833e-05
"2012","2","Under 15 years",169,8.52,314112.078,0.000538024520024983
"2012","3","15-19 years",25772,7.43921568627451,314112.078,0.0820471475152891
"2012","3","20-24 years",74582,7.43921568627451,314112.078,0.237437542914221
"2012","3","25-29 years",92851,7.43921568627451,314112.078,0.295598311886625
"2012","3","30-34 years",83022,7.43921568627451,314112.078,0.264306933145054
"2012","3","35-39 years",38250,7.43921568627451,314112.078,0.121771821839974
"2012","3","40-44 years",8864,7.488,314112.078,0.0282192268964583
"2012","3","45-49 years",479,8.21666666666667,314112.078,0.00152493340291105
"2012","3","50-54 years",12,10.7,314112.078,3.82029244988154e-05
"2012","3","Under 15 years",232,8.47692307692308,314112.078,0.000738589873643764
"2012","4","15-19 years",23444,7.40588235294118,314112.078,0.0746357801625189
"2012","4","20-24 years",69526,7.40588235294118,314112.078,0.221341377392053
"2012","4","25-29 years",87976,7.40588235294118,314112.078,0.280078373808982
"2012","4","30-34 years",80358,7.40588235294118,314112.078,0.255825883906317
"2012","4","35-39 years",36158,7.40588235294118,314112.078,0.115111778669014
"2012","4","40-44 years",8266,7.448,314112.078,0.0263154478256006
"2012","4","45-49 years",474,8.2625,314112.078,0.00150901551770321
"2012","4","50-54 years",12,10.6,314112.078,3.82029244988154e-05
"2012","4","Under 15 years",177,8.61,314112.078,0.000563493136357526
"2012","5","15-19 years",24472,7.39019607843137,314112.078,0.0779084973612508
"2012","5","20-24 years",74539,7.39019607843137,314112.078,0.237300649101433
"2012","5","25-29 years",94760,7.39019607843137,314112.078,0.301675760458979
"2012","5","30-34 years",86799,7.39019607843137,314112.078,0.276331303631056
"2012","5","35-39 years",39677,7.39019607843137,314112.078,0.126314786278291
"2012","5","40-44 years",8895,7.39019607843137,314112.078,0.0283179177847469
"2012","5","45-49 years",543,7.96666666666667,314112.078,0.00172868233357139
"2012","5","50-54 years",15,10.5,314112.078,4.77536556235192e-05
"2012","5","Under 15 years",157,8.25555555555555,314112.078,0.000499821595526168
"2012","6","15-19 years",24549,7.35686274509804,314112.078,0.0781536327934515
"2012","6","20-24 years",75293,7.35686274509804,314112.078,0.239701066190775
"2012","6","25-29 years",94159,7.35686274509804,314112.078,0.299762430656996
"2012","6","30-34 years",84747,7.35686274509804,314112.078,0.269798603541759
"2012","6","35-39 years",38805,7.35686274509804,314112.078,0.123538707098044
"2012","6","40-44 years",8771,7.398,314112.078,0.0279231542315925
"2012","6","45-49 years",428,7.97222222222222,314112.078,0.00136257097379108
"2012","6","50-54 years",13,10.4,314112.078,4.13865015403833e-05
"2012","6","Under 15 years",156,8.375,314112.078,0.0004966380184846
"2012","7","15-19 years",26488,7.31176470588235,314112.078,0.0843265886770518
"2012","7","20-24 years",80777,7.31176470588235,314112.078,0.257159802686734
"2012","7","25-29 years",99239,7.31176470588235,314112.078,0.315935002028161
"2012","7","30-34 years",89192,7.31176470588235,314112.078,0.283949603491528
"2012","7","35-39 years",41267,7.31176470588235,314112.078,0.131376673774384
"2012","7","40-44 years",9644,7.43877551020408,314112.078,0.0307024169888813
"2012","7","45-49 years",439,7.81875,314112.078,0.00139759032124833
"2012","7","50-54 years",12,10.2,314112.078,3.82029244988154e-05
"2012","7","Under 15 years",200,8.33636363636364,314112.078,0.000636715408313589
"2012","8","15-19 years",27482,7.25882352941176,314112.078,0.0874910642563703
"2012","8","20-24 years",83945,7.25882352941176,314112.078,0.267245374754421
"2012","8","25-29 years",102555,7.25882352941176,314112.078,0.326491743498001
"2012","8","30-34 years",93067,7.25882352941176,314112.078,0.296285964527604
"2012","8","35-39 years",43199,7.25882352941176,314112.078,0.137527344618694
"2012","8","40-44 years",9920,7.344,314112.078,0.031581084252354
"2012","8","45-49 years",458,7.86875,314112.078,0.00145807828503812
"2012","8","50-54 years",17,10,314112.078,5.41208097066551e-05
"2012","8","Under 15 years",169,8.3375,314112.078,0.000538024520024983
"2012","9","15-19 years",26078,7.19803921568627,314112.078,0.0830213220900089
"2012","9","20-24 years",79458,7.19803921568627,314112.078,0.252960664568906
"2012","9","25-29 years",97043,7.19803921568627,314112.078,0.308943866844878
"2012","9","30-34 years",87303,7.19803921568627,314112.078,0.277935826460006
"2012","9","35-39 years",40250,7.19803921568627,314112.078,0.12813897592311
"2012","9","40-44 years",9013,7.33061224489796,314112.078,0.0286935798756519
"2012","9","45-49 years",504,7.78947368421053,314112.078,0.00160452282895024
"2012","9","50-54 years",11,9.9,314112.078,3.50193474572474e-05
"2012","9","Under 15 years",199,7.83636363636364,314112.078,0.000633531831272021
"2013","1","15-19 years",24719,7.01176470588235,316497.531,0.0781017151125896
"2013","1","20-24 years",76825,7.01176470588235,316497.531,0.242734910939953
"2013","1","25-29 years",90662,7.01176470588235,316497.531,0.286454051358777
"2013","1","30-34 years",81988,7.01176470588235,316497.531,0.259047834404749
"2013","1","35-39 years",39145,7.01176470588235,316497.531,0.123681849511806
"2013","1","40-44 years",9365,7.052,316497.531,0.0295894883300053
"2013","1","45-49 years",516,7.70625,316497.531,0.00163034447178673
"2013","1","50-54 years",17,9.4,316497.531,5.37128992642916e-05
"2013","1","Under 15 years",139,7.7,316497.531,0.000439181941043325
"2013","10","15-19 years",22646,6.37843137254902,316497.531,0.0715519009846557
"2013","10","20-24 years",77195,6.37843137254902,316497.531,0.243903956394529
"2013","10","25-29 years",96815,6.37843137254902,316497.531,0.30589496131014
"2013","10","30-34 years",90773,6.37843137254902,316497.531,0.286804764995149
"2013","10","35-39 years",42520,6.37843137254902,316497.531,0.134345439806922
"2013","10","40-44 years",9604,6.416,316497.531,0.0303446285020151
"2013","10","45-49 years",616,6.89545454545455,316497.531,0.00194630270275315
"2013","10","50-54 years",29,7.8,316497.531,9.16278869802621e-05
"2013","10","Under 15 years",95,7.06,316497.531,0.0003001603194181
"2013","11","15-19 years",21306,6.2843137254902,316497.531,0.0673180606897057
"2013","11","20-24 years",72635,6.2843137254902,316497.531,0.22949626106246
"2013","11","25-29 years",90585,6.2843137254902,316497.531,0.286210763520932
"2013","11","30-34 years",83910,6.2843137254902,316497.531,0.265120551603924
"2013","11","35-39 years",40054,6.2843137254902,316497.531,0.12655390983129
"2013","11","40-44 years",9064,6.39387755102041,316497.531,0.0286384540547964
"2013","11","45-49 years",516,6.81176470588235,316497.531,0.00163034447178673
"2013","11","50-54 years",15,8.3,316497.531,4.73937346449632e-05
"2013","11","Under 15 years",86,7.025,316497.531,0.000271724078631122
"2013","12","15-19 years",22936,6.1921568627451,316497.531,0.0724681798544583
"2013","12","20-24 years",77308,6.1921568627451,316497.531,0.244260989195521
"2013","12","25-29 years",95264,6.1921568627451,316497.531,0.300994449147851
"2013","12","30-34 years",87271,6.1921568627451,316497.531,0.275739907746705
"2013","12","35-39 years",42051,6.1921568627451,316497.531,0.13286359570369
"2013","12","40-44 years",9767,6.228,316497.531,0.0308596404184903
"2013","12","45-49 years",526,6.69473684210526,316497.531,0.00166194029488337
"2013","12","50-54 years",14,8.2,316497.531,4.42341523352989e-05
"2013","12","Under 15 years",151,6.9,316497.531,0.000477096928759296
"2013","2","15-19 years",21853,6.95686274509804,316497.531,0.069046352213092
"2013","2","20-24 years",67667,6.95686274509804,316497.531,0.213799456148048
"2013","2","25-29 years",82795,6.95686274509804,316497.531,0.261597617328648
"2013","2","30-34 years",74886,6.95686274509804,316497.531,0.236608480841514
"2013","2","35-39 years",35266,6.95686274509804,316497.531,0.111425829732618
"2013","2","40-44 years",8399,7.034,316497.531,0.0265373318188697
"2013","2","45-49 years",444,7.5375,316497.531,0.00140285454549091
"2013","2","50-54 years",16,9.3,316497.531,5.05533169546274e-05
"2013","2","Under 15 years",135,7.98571428571429,316497.531,0.000426543611804668
"2013","3","15-19 years",23255,6.87843137254902,316497.531,0.0734760866112412
"2013","3","20-24 years",72840,6.87843137254902,316497.531,0.230143975435941
"2013","3","25-29 years",91172,6.87843137254902,316497.531,0.288065438336705
"2013","3","30-34 years",84276,6.87843137254902,316497.531,0.266276958729261
"2013","3","35-39 years",39106,6.87843137254902,316497.531,0.123558625801729
"2013","3","40-44 years",8892,6.99795918367347,316497.531,0.0280950058975342
"2013","3","45-49 years",533,7.57894736842105,316497.531,0.00168405737105102
"2013","3","50-54 years",19,9.1,316497.531,6.003206388362e-05
"2013","3","Under 15 years",170,8.06,316497.531,0.000537128992642916
"2013","4","15-19 years",21738,6.81372549019608,316497.531,0.0686830002474806
"2013","4","20-24 years",69722,6.81372549019608,316497.531,0.220292397794408
"2013","4","25-29 years",88337,6.81372549019608,316497.531,0.279108022488807
"2013","4","30-34 years",84071,6.81372549019608,316497.531,0.26562924435578
"2013","4","35-39 years",38261,6.81372549019608,316497.531,0.120888778750062
"2013","4","40-44 years",8585,6.81372549019608,316497.531,0.0271250141284672
"2013","4","45-49 years",482,7.65333333333333,316497.531,0.00152291867325815
"2013","4","50-54 years",16,9,316497.531,5.05533169546274e-05
"2013","4","Under 15 years",157,8.06,316497.531,0.000496054422617281
"2013","5","15-19 years",22012,6.75098039215686,316497.531,0.0695487258003286
"2013","5","20-24 years",73146,6.75098039215686,316497.531,0.231110807622698
"2013","5","25-29 years",94895,6.75098039215686,316497.531,0.299828563275585
"2013","5","30-34 years",88945,6.75098039215686,316497.531,0.281029048533083
"2013","5","35-39 years",40537,6.75098039215686,316497.531,0.128079988086858
"2013","5","40-44 years",9057,6.75098039215686,316497.531,0.0286163369786288
"2013","5","45-49 years",536,7.365,316497.531,0.00169353611798002
"2013","5","50-54 years",18,8.9,316497.531,5.68724815739558e-05
"2013","5","Under 15 years",108,7.6,316497.531,0.000341234889443735
"2013","6","15-19 years",21863,6.68823529411765,316497.531,0.0690779480361886
"2013","6","20-24 years",71840,6.68823529411765,316497.531,0.226984393126277
"2013","6","25-29 years",91456,6.68823529411765,316497.531,0.28896275971265
"2013","6","30-34 years",85823,6.68823529411765,316497.531,0.271164832562311
"2013","6","35-39 years",39214,6.68823529411765,316497.531,0.123899860691172
"2013","6","40-44 years",8667,6.746,316497.531,0.0273840998778597
"2013","6","45-49 years",483,7.41666666666667,316497.531,0.00152607825556781
"2013","6","50-54 years",13,8.8,316497.531,4.10745700256347e-05
"2013","6","Under 15 years",148,7.57142857142857,316497.531,0.000467618181830303
"2013","7","15-19 years",23594,6.62941176470588,316497.531,0.0745471850142174
"2013","7","20-24 years",79480,6.62941176470588,316497.531,0.251123601972111
"2013","7","25-29 years",100283,6.62941176470588,316497.531,0.316852392760056
"2013","7","30-34 years",92556,6.62941176470588,316497.531,0.292438300253281
"2013","7","35-39 years",42730,6.62941176470588,316497.531,0.135008952091952
"2013","7","40-44 years",9537,6.62941176470588,316497.531,0.0301329364872676
"2013","7","45-49 years",529,7.21052631578947,316497.531,0.00167141904181237
"2013","7","50-54 years",20,8.8,316497.531,6.31916461932842e-05
"2013","7","Under 15 years",154,7.72222222222222,316497.531,0.000486575675688288
"2013","8","15-19 years",24316,6.55686274509804,316497.531,0.0768284034417949
"2013","8","20-24 years",81062,6.55686274509804,316497.531,0.256122061186
"2013","8","25-29 years",101252,6.55686274509804,316497.531,0.319914028018121
"2013","8","30-34 years",92948,6.55686274509804,316497.531,0.293676856518669
"2013","8","35-39 years",43504,6.55686274509804,316497.531,0.137454468799632
"2013","8","40-44 years",9441,6.596,316497.531,0.0298296165855398
"2013","8","45-49 years",545,7.18333333333333,316497.531,0.00172197235876699
"2013","8","50-54 years",17,8.7,316497.531,5.37128992642916e-05
"2013","8","Under 15 years",160,7.35555555555556,316497.531,0.000505533169546274
"2013","9","15-19 years",22867,6.47058823529412,316497.531,0.0722501686750915
"2013","9","20-24 years",77025,6.47058823529412,316497.531,0.243366827401886
"2013","9","25-29 years",97261,6.47058823529412,316497.531,0.307304135020251
"2013","9","30-34 years",89480,6.47058823529412,316497.531,0.282719425068754
"2013","9","35-39 years",41485,6.47058823529412,316497.531,0.13107527211642
"2013","9","40-44 years",9017,6.508,316497.531,0.0284899536862422
"2013","9","45-49 years",472,7.2,316497.531,0.00149132285016151
"2013","9","50-54 years",24,8.5,316497.531,7.5829975431941e-05
"2013","9","Under 15 years",134,7.38571428571429,316497.531,0.000423384029495004
